,Simbol,% 1h,% 2h,% 7d
0,BTC,-0.28%,1.06%,24.10%
1,ETH,0.64%,6.90%,3.62%
2,BCH,-0.79%,8.59%,76.14%
3,XRP,0.26%,8.42%,4.98%
4,LTC,0.66%,3.44%,1.02%
5,DASH,0.07%,4.69%,-1.71%
6,NEO,1.12%,7.35%,-6.24%
7,XEM,2.81%,1.09%,-14.09%
8,XMR,-0.54%,4.65%,1.60%
9,ETC,-2.31%,15.07%,11.77%
10,MIOTA,1.24%,2.95%,-11.49%
11,QTUM,1.10%,6.10%,-1.46%
12,OMG,0.07%,4.17%,-11.41%
13,ZEC,-0.64%,7.46%,-4.17%
14,ADA,2.11%,0.08%,-14.41%
15,BCC,-0.28%,2.26%,26.76%
16,EOS,-0.34%,11.17%,145.34%
17,LSK,0.85%,3.17%,-9.96%
18,USDT,-0.43%,0.21%,0.29%
19,XLM,-0.36%,0.86%,-19.53%
20,WAVES,1.41%,15.25%,5.32%
21,STRAT,5.26%,16.17%,-26.17%
22,ARK,3.57%,17.55%,1.17%
23,KMD,0.81%,0.40%,29.46%
24,STEEM,2.06%,13.26%,-2.47%
25,BCN,-2.75%,-2.73%,-9.81%
26,ARDR,1.56%,-8.57%,7.62%
27,REP,0.54%,7.79%,0.71%
28,PAY,0.47%,12.83%,-4.31%
29,VTC,22.84%,15.64%,5.68%
30,DCR,1.28%,10.73%,-6.61%
31,GNT,-1.10%,-5.34%,-1.94%
32,PPT,2.16%,10.07%,3.30%
33,PIVX,0.61%,-6.49%,-14.07%
34,MAID,3.67%,2.52%,-4.07%
35,BAT,-0.88%,-4.35%,2.37%
36,TRX,1.50%,-2.77%,-25.67%
37,GAS,1.24%,7.78%,-9.43%
38,BNB,0.01%,12.35%,25.37%
39,BTS,-0.74%,-4.71%,3.49%
40,BTCD,1.20%,3.07%,26.68%
41,MONA,-0.01%,-5.14%,-25.01%
42,DGD,-0.98%,13.28%,17.50%
43,KNC,1.32%,5.91%,0.18%
44,GBYTE,5.21%,1.65%,11.28%
45,DOGE,-1.02%,-2.44%,7.22%
46,FCT,-7.66%,23.45%,-5.61%
47,WTC,1.17%,7.86%,-27.61%
48,SALT,2.42%,9.20%,-11.82%
49,ICN,-2.47%,19.87%,-1.37%
50,BTM,-4.92%,28.23%,36.47%
51,VERI,0.67%,2.52%,3.19%
52,SYS,0.63%,-9.60%,-8.70%
53,SC,0.20%,0.04%,-8.30%
54,MTL,0.73%,14.26%,-37.96%
55,GAME,3.73%,3.13%,-15.68%
56,SNT,-2.76%,-7.99%,-11.00%
57,CVC,0.51%,3.87%,-6.33%
58,XVG,-2.17%,10.89%,27.10%
59,LKK,0.45%,6.35%,0.48%
60,ZRX,1.16%,3.07%,-7.76%
61,BLOCK,-0.69%,-1.02%,-8.08%
62,GXS,0.32%,-1.25%,15.34%
63,DGB,1.41%,8.81%,-9.12%
64,ETP,2.84%,6.66%,-13.71%
65,BNT,-1.21%,4.95%,-0.16%
66,SNGLS,1.86%,4.45%,-14.78%
67,ATM,1.12%,13.85%,-11.27%
68,GNO,1.27%,1.28%,-15.09%
69,AE,1.80%,27.71%,26.64%
70,KCS,-1.18%,9.59%,-20.24%
71,FUN,1.42%,-3.39%,-14.71%
72,BQ,4.72%,9.22%,77.79%
73,MCO,1.67%,5.29%,-17.80%
74,MCAP,0.77%,-4.59%,-17.14%
75,LINK,-2.42%,-7.09%,-24.28%
76,PURA,-10.62%,-19.80%,-16.91%
77,NXT,2.85%,-2.35%,-1.02%
78,BQX,0.92%,0.88%,-7.90%
79,ZEN,1.74%,48.43%,15.16%
80,PART,0.98%,-1.75%,6.18%
81,VEN,2.39%,10.79%,-4.75%
82,FAIR,-2.86%,-5.14%,41.49%
83,STORJ,-1.27%,-16.24%,-10.88%
84,SMART,-2.17%,-8.19%,-58.14%
85,BDL,0.71%,-2.54%,-18.57%
86,NXS,0.40%,-0.17%,-18.98%
87,XZC,2.07%,2.69%,1.67%
88,RLC,-5.56%,-1.96%,1.42%
89,NAV,0.27%,1.68%,5.04%
90,LRC,-0.73%,0.50%,12.65%
91,NEBL,-3.56%,-8.25%,-30.80%
92,TAAS,-0.63%,-0.69%,-1.34%
93,ADX,1.32%,5.32%,-17.07%
94,EDG,0.41%,3.76%,-12.38%
95,UBQ,0.35%,-2.07%,-17.40%
96,NLC2,-2.39%,1.57%,-10.65%
97,DCN,8.37%,-3.21%,-10.27%
98,IOC,1.91%,-5.46%,-34.43%
99,ANT,-3.79%,2.28%,-22.89%
100,VIA,8.72%,9.82%,55.79%
101,MLN,-1.44%,13.07%,0.36%
102,WINGS,-0.29%,5.11%,-14.84%
103,AST,0.65%,1.29%,12.60%
104,KIN,2.99%,5.11%,-18.84%
105,MOD,6.63%,45.83%,-20.03%
106,RDD,5.01%,9.36%,12.87%
107,GRS,-0.50%,-30.95%,136.41%
108,ATB,9.37%,-19.56%,-18.90%
109,MDA,0.18%,14.78%,26.48%
110,QRL,2.27%,-5.37%,-20.70%
111,SNM,2.15%,8.21%,-11.91%
112,LEO,-0.95%,-7.95%,17.75%
113,CFI,7.60%,25.73%,4.12%
114,PPC,-0.14%,-4.26%,2.55%
115,NLG,-3.05%,-3.19%,-14.22%
116,RISE,0.14%,-8.97%,14.14%
117,AMB,1.86%,11.49%,-8.74%
118,ENG,-0.14%,9.87%,-10.41%
119,CTR,-3.02%,7.76%,-29.69%
120,EVX,-0.92%,19.25%,7.36%
121,MGO,-0.17%,3.86%,-30.74%
122,REQ,1.59%,20.82%,-18.14%
123,1ST,-0.02%,6.37%,1.40%
124,XCP,1.18%,1.12%,13.96%
125,VIB,0.41%,-0.81%,-3.32%
126,TRST,0.58%,-7.52%,-9.38%
127,MANA,-0.24%,8.34%,4.85%
128,CLOAK,8.22%,1.94%,-17.08%
129,XPA,1.00%,7.85%,14.77%
130,BAY,-2.24%,2.48%,-1.13%
131,PLR,-1.37%,5.45%,-10.54%
132,TKN,-1.20%,-1.21%,-15.46%
133,XEL,2.24%,2.16%,6.41%
134,SUB,0.64%,1.44%,-21.53%
135,RPX,0.28%,19.67%,?
136,DNT,1.90%,3.52%,-24.66%
137,TNT,0.88%,4.62%,-2.42%
138,DICE,-5.13%,19.53%,-0.69%
139,EDO,0.79%,1.56%,-19.00%
140,DCT,3.59%,-4.12%,-9.53%
141,XAUR,-4.57%,-13.03%,-13.76%
142,ION,1.21%,10.04%,13.31%
143,CRW,0.23%,-5.44%,-2.62%
144,RBY,-1.66%,37.45%,1.31%
145,CDT,1.50%,13.07%,8.28%
146,BTX,-3.23%,22.07%,-26.20%
147,EMC,-0.80%,4.51%,-12.04%
148,POT,-0.35%,5.62%,6.17%
149,ACT,-0.28%,-8.53%,-9.92%
150,FTC,2.05%,1.81%,94.28%
151,SKY,-8.54%,-22.85%,-0.44%
152,AEON,-2.44%,2.19%,-18.73%
153,NMC,0.02%,-0.71%,12.76%
154,TRIG,-4.18%,4.93%,-25.25%
155,R,11.51%,23.40%,?
156,OK,-0.20%,2.69%,14.13%
157,SIB,-0.78%,-1.92%,-6.77%
158,SAFEX,-1.56%,17.78%,-19.58%
159,XRL,0.97%,3.02%,-8.05%
160,BLK,1.35%,1.65%,16.63%
161,DMD,-0.39%,1.82%,-14.02%
162,TOA,-0.71%,0.45%,18.99%
163,TIME,-0.56%,-2.20%,9.46%
164,PPP,4.76%,8.70%,-5.38%
165,ECN,-0.04%,0.44%,28.79%
166,CSNO,-0.25%,13.87%,-10.88%
167,VRC,6.05%,-27.03%,53.73%
168,SLS,-2.38%,10.13%,-38.46%
169,MSP,-1.58%,-0.79%,-12.88%
170,DBIX,0.63%,-9.62%,49.28%
171,HMQ,-0.95%,-1.61%,22.79%
172,EXP,1.53%,-1.71%,7.29%
173,CREDO,10.06%,-1.49%,-4.95%
174,MTH,-0.03%,17.97%,-9.78%
175,GOLOS,-1.75%,-4.29%,15.47%
176,STX,1.03%,5.18%,7.87%
177,AGRS,1.11%,0.46%,1.56%
178,ENRG,-0.78%,6.33%,-5.25%
179,CND,4.23%,24.29%,-18.02%
180,TCC,-0.28%,16.33%,-22.49%
181,ART,0.98%,53.89%,13.33%
182,LBC,1.65%,-0.09%,-2.55%
183,GRC,1.10%,-7.32%,-3.74%
184,NMR,-2.13%,15.80%,-10.50%
185,DLT,-2.35%,-3.38%,-7.40%
186,ADT,-0.29%,-2.88%,-18.81%
187,AVT,0.16%,8.51%,-17.76%
188,PPY,-1.10%,1.17%,-15.02%
189,XDN,-0.10%,-4.37%,18.18%
190,MUE,2.87%,1.95%,-13.25%
191,TX,-0.08%,-5.32%,56.94%
192,EMC2,0.61%,3.51%,-15.24%
193,PEPECASH,-7.56%,-16.02%,-17.01%
194,WCT,3.46%,8.41%,52.85%
195,SAN,-0.04%,5.25%,5.51%
196,XAS,-0.91%,-3.59%,-19.17%
197,MYST,0.02%,2.18%,0.70%
198,ALIS,4.79%,47.13%,16.83%
199,BMC,-0.18%,3.00%,-30.93%
200,PLBT,0.85%,6.39%,-1.39%
201,NXC,-1.74%,-2.21%,-36.34%
202,XRB,-2.70%,-0.72%,-20.56%
203,SHIFT,0.85%,3.44%,-10.21%
204,CMP,0.34%,7.54%,-39.41%
205,CLAM,-0.31%,3.85%,13.38%
206,AMP,4.44%,1.92%,2.83%
207,SLR,1.63%,-11.90%,28.31%
208,CNT,1.32%,-1.01%,38.13%
209,FLO,1.79%,1.67%,-18.16%
210,POE,-0.17%,5.10%,0.35%
211,PTOY,0.10%,-4.35%,-14.66%
212,OMNI,-3.32%,-0.48%,-14.63%
213,KICK,0.91%,-2.72%,-36.03%
214,XWC,-3.93%,9.96%,57.52%
215,NVST,0.90%,0.74%,4.50%
216,PZM,-0.36%,-6.86%,1.92%
217,B@,3.89%,38.54%,12.09%
218,GUP,0.26%,-6.80%,-14.81%
219,BURST,1.96%,0.60%,-15.96%
220,OAX,1.07%,6.21%,2.76%
221,QAU,0.38%,1.70%,-6.31%
222,NVC,-0.59%,-2.61%,73.60%
223,BCAP,1.00%,11.25%,-4.84%
224,UNO,-1.27%,-3.69%,-14.97%
225,RADS,-1.76%,-2.13%,-1.00%
226,LMC,-1.29%,2.60%,-16.79%
227,BSD,-1.91%,1.50%,-7.36%
228,LUN,-1.08%,-5.81%,-16.12%
229,PST,1.00%,4.37%,-7.17%
230,HVN,-1.21%,5.80%,-32.96%
231,WGR,-3.65%,0.03%,1.05%
232,B3,12.37%,36.22%,-70.18%
233,SWT,0.29%,7.38%,6.29%
234,SOAR,-0.28%,10.24%,25.26%
235,SPHR,3.24%,-6.20%,13.16%
236,XVC,-1.35%,15.34%,33.28%
237,EDR,3.29%,1.39%,7.81%
238,BTDX,6.80%,8.86%,4.57%
239,NAS,-0.28%,-0.54%,-10.98%
240,CAG,-4.83%,37.23%,23.59%
241,NEOS,0.23%,-1.04%,8.64%
242,DTB,-0.12%,2.10%,-9.29%
243,RVT,1.31%,17.76%,-29.22%
244,OCT,10.99%,8.74%,98.99%
245,KORE,8.99%,5.87%,-17.45%
246,XSPEC,0.76%,5.62%,25.83%
247,GAM,0.09%,-3.88%,-6.71%
248,NET,4.57%,16.88%,6.03%
249,BITCNY,13.82%,13.80%,14.11%
250,VOX,1.15%,-3.16%,6.57%
251,IXT,-2.63%,1.72%,-29.69%
252,XBY,2.42%,3.48%,-31.09%
253,INCNT,-0.27%,6.44%,3.96%
254,OBITS,-8.96%,-14.79%,-6.13%
255,COSS,5.16%,23.00%,-22.70%
256,TIX,1.66%,-6.69%,-53.82%
257,IFT,-1.10%,-7.37%,-18.79%
258,BCY,-0.50%,0.32%,-23.49%
259,CSC,-8.34%,-17.07%,-35.80%
260,XTO,-0.28%,0.34%,35.99%
261,PINK,-1.80%,-4.88%,-7.94%
262,GLD,-0.40%,5.47%,23.18%
263,BET,-0.20%,5.39%,-24.81%
264,DYN,-1.81%,1.11%,7.37%
265,PLU,0.09%,-4.26%,-16.29%
266,HEAT,-0.24%,-3.58%,-10.66%
267,RUP,-0.87%,-22.52%,125.47%
268,BCPT,1.00%,0.58%,8.09%
269,PIX,7.55%,4.85%,-7.33%
270,AIR,-0.29%,-5.06%,-26.99%
271,MYB,0.65%,10.77%,-3.77%
272,PDC,-0.40%,5.40%,-4.22%
273,MUSIC,-2.06%,-7.22%,-15.05%
274,XST,1.05%,19.55%,41.00%
275,SEQ,-1.12%,1.49%,-1.61%
276,AUR,-0.65%,0.52%,1.15%
277,VSL,0.25%,4.83%,-20.03%
278,CURE,-0.66%,-5.84%,7.22%
279,EXCL,-2.86%,2.24%,-3.20%
280,GCR,8.09%,11.55%,7.46%
281,DOVU,-3.94%,20.26%,11.21%
282,CADASTRAL,2.17%,27.15%,45.32%
283,ODN,-4.20%,-20.80%,-23.40%
284,ZRC,-0.73%,0.15%,20.35%
285,SYNX,-3.42%,23.30%,61.25%
286,BITB,0.72%,-5.72%,-14.94%
287,MOON,-1.00%,31.75%,-31.40%
288,CRB,-4.14%,-1.70%,-17.68%
289,VOISE,5.18%,21.69%,-19.99%
290,TFL,-6.34%,0.16%,-19.56%
291,CAT,-0.90%,3.61%,-13.78%
292,CVCOIN,0.65%,-17.72%,-3.46%
293,COVAL,2.25%,3.04%,18.25%
294,PTC,0.50%,6.81%,18.75%
295,GCC,0.75%,27.23%,-22.67%
296,SNRG,4.10%,12.15%,17.10%
297,POSW,-2.12%,3.06%,-8.54%
298,VIBE,-4.55%,26.95%,-12.36%
299,FLDC,0.32%,1.97%,12.82%
300,HTML5,-13.20%,-12.03%,-29.00%
301,ABY,-2.05%,-1.08%,-8.39%
302,XC,-0.39%,2.75%,-44.73%
303,NOTE,-1.21%,-4.74%,-7.84%
304,IOP,4.76%,9.26%,-10.66%
305,PASC,4.90%,1.96%,3.95%
306,SWIFT,-0.16%,-3.12%,-1.84%
307,PRO,-0.18%,-0.95%,-16.37%
308,HUSH,-0.29%,3.10%,3.30%
309,BTCZ,-0.28%,-0.90%,16.14%
310,DIME,-1.77%,-22.94%,-81.82%
311,YOC,0.88%,-1.54%,-5.11%
312,QWARK,0.87%,-6.61%,-14.03%
313,VRM,-1.63%,-17.37%,20.90%
314,DENT,-0.99%,-22.72%,-12.00%
315,BITUSD,12.10%,11.42%,12.19%
316,SCL,2.29%,-14.68%,-26.90%
317,XMY,-2.28%,0.47%,3.36%
318,EQT,-7.06%,-21.29%,-27.74%
319,ERC,-1.29%,2.51%,-2.96%
320,MTNC,10.65%,11.08%,12.83%
321,PGL,-0.28%,-19.13%,-27.98%
322,BELA,-2.01%,-4.24%,-6.65%
323,NTRN,1.97%,-9.05%,-11.80%
324,REAL,1.13%,19.64%,-5.68%
325,APX,-0.24%,1.66%,4.82%
326,TRUST,3.20%,5.41%,1.67%
327,BLITZ,2.06%,2.21%,-8.92%
328,BCO,-0.05%,-3.68%,-5.03%
329,PUT,0.41%,-23.38%,15.07%
330,HDG,-0.21%,0.22%,-40.89%
331,XGOX,2.49%,3.71%,-25.25%
332,GRE,-0.42%,203.76%,267.80%
333,ZEIT,-0.52%,29.63%,53.70%
334,BLU,-0.28%,1.01%,42.29%
335,THC,-0.92%,0.27%,5.26%
336,UNY,13.05%,22.50%,9.72%
337,SBD,-0.83%,-1.80%,-5.46%
338,SNC,0.68%,14.17%,-22.02%
339,XBC,-2.13%,-2.69%,-16.84%
340,SPR,14.54%,45.18%,6.45%
341,ZCL,0.26%,3.46%,-4.47%
342,VIVO,-1.61%,0.09%,-19.74%
343,SXC,1.25%,1.46%,6.54%
344,GEO,0.11%,-5.55%,-0.56%
345,EGC,-0.01%,-0.51%,7.65%
346,ESP,-1.46%,95.31%,26.48%
347,TRCT,0.36%,-9.27%,-25.88%
348,MEME,-0.38%,3.64%,8.65%
349,HBT,-24.52%,10.76%,-32.74%
350,MER,0.60%,-1.30%,-5.63%
351,HGT,0.10%,-17.37%,-14.63%
352,OPT,-11.45%,-9.00%,13.16%
353,BRX,-0.94%,-0.12%,-5.58%
354,XPM,-1.79%,9.21%,1.30%
355,BTM,-1.98%,5.46%,4.71%
356,HNC,3.89%,16.20%,4.76%
357,TRC,-0.26%,-11.99%,-33.45%
358,PBT,0.59%,24.20%,-2.06%
359,RAIN,-1.55%,-13.97%,-11.77%
360,2GIVE,-2.93%,5.15%,7.27%
361,NDC,-0.70%,24.54%,14.86%
362,RKC,-4.82%,0.12%,114.62%
363,BRK,-2.04%,2.10%,1.56%
364,RIC,0.67%,16.26%,47.93%
365,PING,16.05%,12.29%,30.77%
366,STA,1.41%,19.59%,-2.28%
367,FLIK,-1.93%,-19.11%,-33.08%
368,ADC,3.89%,15.99%,59.60%
369,VISIO,-0.28%,-15.18%,4.02%
370,ONION,-3.47%,-18.00%,-13.01%
371,RMC,-0.28%,-7.80%,-16.97%
372,ATCC,-0.28%,-10.79%,-60.85%
373,IND,0.43%,5.33%,-6.62%
374,NYC,-8.92%,73.42%,-23.25%
375,PKB,0.01%,0.10%,-3.63%
376,MBRS,-0.02%,5.49%,3.24%
377,CREA,2.22%,-6.54%,0.75%
378,ZOI,0.70%,2.13%,34.34%
379,ONX,0.68%,15.62%,7.03%
380,CHC,1.56%,-2.59%,-6.08%
381,POLL,-0.82%,1.19%,-29.74%
382,ADL,1.97%,-4.52%,9.02%
383,VTR,3.35%,17.68%,9.31%
384,CRAVE,2.06%,-17.12%,-22.00%
385,IXC,-5.16%,-1.24%,58.26%
386,BIS,0.05%,7.04%,14.42%
387,CANN,1.07%,12.58%,3.06%
388,HSR,-0.61%,-1.96%,1.02%
389,DOPE,-1.31%,-1.98%,-19.95%
390,ATMS,-1.38%,-30.89%,-21.04%
391,MINT,-0.29%,-36.35%,-30.10%
392,DOT,0.84%,5.53%,22.13%
393,LGD,0.55%,-1.53%,2.14%
394,MAO,-0.28%,4.88%,38.49%
395,XMG,0.76%,6.12%,15.94%
396,START,1.46%,-2.23%,-5.61%
397,JNS,-0.10%,-2.61%,-25.81%
398,EFL,1.39%,-4.75%,0.95%
399,PND,-0.60%,209.91%,251.53%
400,ZENI,-0.28%,23.70%,-19.44%
401,KRB,-1.83%,-8.20%,68.64%
402,ARC,0.99%,3.73%,70.45%
403,QRK,-0.42%,-3.23%,14.38%
404,CCRB,-0.63%,4.30%,68.72%
405,CHIPS,-0.13%,0.34%,29.24%
406,XIOS,14.73%,66.49%,-57.83%
407,GIM,1.00%,8.65%,?
408,NAUT,0.86%,-7.35%,-6.20%
409,OCL,7.18%,16.09%,-1.24%
410,CV2,-0.28%,1.52%,19.19%
411,TKS,-1.43%,4.98%,-8.07%
412,HUC,-1.49%,-4.74%,9.70%
413,ADST,-1.04%,7.24%,-5.79%
414,DAR,1.89%,9.89%,0.37%
415,KLN,0.83%,3.08%,36.92%
416,ZNY,-1.42%,5.28%,233.96%
417,FYN,0.52%,4.90%,1.86%
418,TKR,-3.88%,-3.22%,2.63%
419,WTT,1.00%,-0.36%,-2.66%
420,EBST,1.10%,-8.58%,-27.86%
421,TZC,-1.17%,-4.10%,34.43%
422,INXT,-0.08%,-2.55%,-1.84%
423,ELIX,16.77%,11.79%,-22.47%
424,REX,-2.83%,-19.07%,-2.92%
425,HYP,10.82%,1.92%,-12.61%
426,BRO,-0.24%,-2.32%,-25.98%
427,INFX,-1.90%,1.16%,-2.83%
428,DFT,-0.29%,2.02%,13.12%
429,XMCC,-0.29%,17.26%,-26.76%
430,ETBS,-0.19%,5.98%,-10.88%
431,SKIN,-3.67%,3.22%,-19.45%
432,CRYPT,-0.40%,59.75%,22.10%
433,RNS,-2.26%,-9.85%,-24.35%
434,FST,-12.87%,-17.17%,0.08%
435,XHI,-0.42%,8.01%,-9.68%
436,USNBT,0.19%,-0.17%,-0.52%
437,ADZ,-0.62%,-6.43%,-7.74%
438,FIMK,4.32%,8.80%,?
439,LIFE,-2.37%,27.63%,45.88%
440,ALT,-0.28%,-23.87%,-24.13%
441,ZET,0.22%,11.84%,9.52%
442,BYC,-0.16%,-3.13%,-16.38%
443,GRWI,-0.37%,2.37%,-15.61%
444,HPC,-2.07%,17.52%,-43.83%
445,MRT,5.06%,17.13%,-11.28%
446,BRIA,-0.05%,-12.57%,0.51%
447,SUMO,14.05%,7.81%,-10.93%
448,HTC,-0.28%,-36.97%,24.46%
449,UTC,1.67%,17.57%,41.94%
450,WDC,-0.28%,-14.31%,-13.24%
451,BUN,-5.33%,293.73%,-84.39%
452,MOIN,-1.86%,4.22%,36.32%
453,BTA,2.56%,5.83%,3.72%
454,UFO,-0.42%,-23.86%,24.21%
455,KEK,-0.28%,6.74%,?
456,PIPL,16.72%,11.33%,-39.46%
457,NETKO,-0.28%,-9.67%,-14.47%
458,PIRL,0.16%,-7.85%,68.19%
459,SIGT,-2.39%,4.19%,-32.67%
460,LINX,0.98%,-18.20%,60.51%
461,UNIFY,-0.26%,-6.96%,-41.34%
462,ENT,-0.18%,0.16%,-8.67%
463,NET,-0.40%,22.28%,58.04%
464,FCN,-0.40%,-6.10%,9.23%
465,FUCK,-29.98%,-20.95%,3.64%
466,UNB,-0.02%,6.63%,5.89%
467,POS,5.08%,-4.30%,-31.91%
468,TES,-0.40%,-7.50%,-30.66%
469,XBL,-0.28%,9.89%,-17.13%
470,LDOGE,-6.69%,41.11%,-4.72%
471,CPC,-15.71%,-18.63%,-23.36%
472,RLT,0.27%,15.94%,6.21%
473,BTB,-0.40%,-7.93%,-1.18%
474,LINDA,-0.33%,-26.04%,-43.71%
475,WHL,24.43%,20.73%,20.15%
476,DDF,-0.21%,36.21%,10.27%
477,MNE,1.57%,-4.26%,-28.30%
478,SHDW,-0.28%,32.94%,177.85%
479,WGO,2.48%,2.93%,23.43%
480,GCN,-0.10%,1.59%,-47.23%
481,SMC,-0.40%,5.47%,6.57%
482,EBET,-3.14%,10.37%,-2.81%
483,INSN,-0.36%,-15.05%,-34.80%
484,XLR,-10.73%,-26.60%,-27.65%
485,ALTCOM,4.27%,-7.56%,?
486,XFT,-0.42%,3.90%,-19.42%
487,BITS,-1.86%,-2.89%,4.84%
488,42,-0.58%,-4.16%,14.41%
489,CFT,-1.25%,4.21%,148.93%
490,ANC,-11.89%,21.71%,-66.21%
491,FJC,13.53%,0.71%,-9.08%
492,BTSR,1.23%,-7.59%,3.08%
493,DP,8.27%,-28.49%,-23.82%
494,MBI,0.39%,13.95%,1.76%
495,WOMEN,-0.24%,-5.49%,-26.91%
496,TYCHO,-0.28%,-0.81%,-26.93%
497,FXE,-0.26%,-12.56%,-2.15%
498,ATS,21.11%,0.95%,-59.12%
499,ZER,-0.28%,-0.35%,-7.45%
500,EMB,0.45%,-48.08%,-80.66%
501,COLX,9.74%,12.79%,-37.97%
502,XP,-74.05%,-71.41%,-62.96%
503,SPRTS,-19.91%,4.17%,-91.58%
504,PROC,1.17%,62.76%,26.11%
505,DALC,4.66%,-5.87%,16.32%
506,DEM,-0.41%,20.79%,44.88%
507,FNC,-7.04%,-29.28%,60.66%
508,SMLY,-2.70%,-18.72%,-42.49%
509,LUX,2.09%,10.51%,-38.70%
510,PAK,-0.52%,-2.46%,9.00%
511,ETHD,-1.01%,-19.99%,-44.24%
512,MNC,-0.42%,22.97%,?
513,SCORE,-14.30%,20.64%,23.77%
514,VSX,-0.13%,-1.83%,-27.18%
515,BITBTC,-0.83%,1.20%,25.62%
516,DNR,-0.24%,2.07%,-22.57%
517,POST,-2.55%,1.23%,19.40%
518,ETG,3.49%,1.19%,-62.29%
519,ELLA,-1.35%,-1.48%,?
520,VLT,-0.40%,0.30%,-6.18%
521,BLUE,0.95%,6.59%,-13.18%
522,NEVA,-0.53%,529.40%,503.32%
523,ECA,-0.91%,171.16%,58.93%
524,NTO,-21.98%,-39.81%,-43.87%
525,MZC,-9.04%,-8.43%,-7.90%
526,BLAS,4.52%,-23.71%,-22.92%
527,IFLT,2.79%,-1.79%,-48.71%
528,TRUMP,-0.72%,-10.77%,-6.19%
529,XJO,-0.44%,4.03%,122.54%
530,SDRN,12.01%,-15.97%,-47.96%
531,BLN,-0.26%,-15.17%,-0.96%
532,TIT,-0.56%,1.87%,-4.36%
533,ATOM,-3.34%,-20.89%,-25.95%
534,EOT,-2.85%,-46.13%,-89.69%
535,RUPX,-6.89%,-25.25%,51.71%
536,CAP,-0.28%,4.92%,33.59%
537,LTB,0.05%,-1.89%,-4.30%
538,808,-0.35%,-46.51%,-77.38%
539,SAC,-0.29%,1.06%,16.94%
540,PRC,5.60%,87.30%,106.55%
541,XPTX,-0.42%,12.80%,-5.13%
542,BTCRED,3.38%,25.83%,-5.16%
543,UNI,-36.05%,-30.50%,-32.40%
544,ITZ,-1.65%,-14.95%,-61.24%
545,EBTC,1.73%,-3.94%,-93.19%
546,FRN,-0.40%,-3.53%,-4.36%
547,BERN,22.54%,29.14%,47.55%
548,SUPER,-0.40%,-45.48%,-69.20%
549,IETH,39.92%,80.81%,-39.04%
550,XRA,-0.27%,-6.43%,-7.12%
551,KLC,-0.40%,30.52%,50.34%
552,KUSH,-0.28%,-5.79%,15.50%
553,BITSILVER,0.49%,0.78%,-6.07%
554,GTC,-0.28%,127.32%,191.41%
555,XCXT,5.29%,-40.96%,-49.61%
556,TEK,-0.01%,25.24%,-20.89%
557,XCS,22.29%,13.74%,-43.12%
558,WBB,0.36%,-19.56%,-69.08%
559,MOJO,-0.60%,-20.76%,-36.45%
560,BITGOLD,0.77%,-2.04%,-8.61%
561,ECASH,-23.77%,-29.45%,-54.07%
562,EXN,0.99%,5.66%,-2.44%
563,PASL,17.35%,22.33%,45.62%
564,DRXNE,-0.34%,-3.72%,-4.50%
565,DRM,-0.40%,10.53%,41.36%
566,ADCN,-0.41%,47.95%,45.99%
567,ECO,-0.28%,19.37%,13.38%
568,CORG,-0.38%,-0.14%,29.13%
569,CTO,-0.40%,56.19%,112.45%
570,MCRN,-0.28%,-67.58%,5.19%
571,BITEUR,6.78%,9.01%,8.49%
572,TSTR,-0.28%,12.93%,15.76%
573,EMP,-0.28%,106.64%,-63.00%
574,BOST,-0.40%,7.51%,13.54%
575,611,-0.55%,9.15%,14.93%
576,ERY,-0.21%,48.14%,45.02%
577,DIBC,8.12%,-14.70%,-12.59%
578,RED,0.95%,-8.93%,-37.37%
579,$$$,-0.41%,-15.96%,-9.36%
580,TAJ,-0.28%,-5.15%,-6.22%
581,VUC,8.58%,-23.83%,-53.34%
582,NRO,-0.28%,4.57%,70.78%
583,GPL,-0.28%,25.94%,113.03%
584,CREVA,-0.58%,49.50%,126.81%
585,CWXT,-0.93%,-21.30%,-45.52%
586,ALL,-0.28%,7.60%,-7.38%
587,BOAT,-18.54%,75.55%,52.41%
588,CMPCO,-0.28%,46.70%,17.97%
589,MSCN,3.22%,10.29%,-16.37%
590,PLACO,6.37%,-17.39%,?
591,CMT,-3.74%,-12.32%,-2.95%
592,COAL,-0.40%,-7.29%,19.57%
593,CTIC2,-0.30%,-32.31%,-59.04%
594,CASH,-0.40%,-39.14%,-21.54%
595,MGM,-0.28%,62.43%,107.86%
596,ACP,-0.28%,-22.99%,15.07%
597,DES,-0.40%,?,?
598,VRS,0.01%,-5.28%,10.22%
599,WEX,-0.40%,-21.85%,-2.72%
600,LTCU,-1.33%,-3.69%,-43.47%
601,FAL,-7.09%,-20.75%,-90.41%
602,NANOX,-0.28%,-26.69%,-18.84%
603,SANDG,-0.42%,?,?
604,HMC,-0.94%,-9.23%,-7.70%
605,LVPS,-0.28%,18.89%,-41.19%
606,1337,-7.19%,12.94%,-1.19%
607,EBT,-0.28%,29.30%,-43.38%
608,DMB,-0.28%,-18.19%,-63.29%
609,UNITY,2.65%,2.33%,8.89%
610,TGT,-10.99%,-51.08%,-46.22%
611,ECOB,0.31%,-17.16%,-0.86%
612,JINN,2.65%,-2.09%,?
613,NSR,-0.40%,-15.16%,39.43%
614,ETT,1.20%,-65.11%,-47.90%
615,ARC,1.00%,7.77%,-19.14%
616,YASH,-0.29%,-10.31%,4.51%
617,STCN,-0.28%,1.53%,?
618,CAGE,-2.15%,2214.03%,5.46%
619,AC,2.76%,8.83%,-11.94%
620,EMV,1.20%,134.59%,-45.41%
621,VASH,?,?,-14.42%
622,MXT,0.33%,-5.82%,-2.33%
623,BASH,-0.28%,3.73%,16.56%
624,MGC,?,?,0.15%
625,ICOO,0.49%,1.00%,-10.46%
626,LOG,-0.40%,1.52%,24.21%
627,CBX,-0.41%,3.68%,-12.06%
628,TIPS,-5.35%,72.95%,24.51%
629,IFC,4.23%,26.51%,-8.19%
630,INPAY,-0.28%,-20.64%,-21.61%
631,DCY,-0.30%,1.49%,4.18%
632,NKA,1.78%,47.81%,-17.81%
633,LNK,-25.44%,81.79%,19.58%
634,AHT,-0.28%,-3.50%,1.85%
635,BPC,-0.40%,18.96%,-33.34%
636,SDC,?,4.59%,6.23%
637,METAL,-0.40%,0.85%,-19.41%
638,EAC,-0.37%,1.52%,8.56%
639,MEC,-0.46%,-0.62%,25.10%
640,USC,-0.28%,70.40%,31.82%
641,HERO,0.64%,-0.32%,1.25%
642,STRC,-0.28%,1.61%,41.94%
643,SHORTY,-0.28%,-0.42%,25.42%
644,CRM,1.62%,28.92%,-17.65%
645,KOBO,-0.40%,-8.14%,17.77%
646,ITI,-0.26%,31.57%,50.73%
647,MAX,-0.42%,-11.35%,24.38%
648,ZCC,?,?,-19.37%
649,CDN,-6.55%,1.03%,-2.71%
650,HBN,1.77%,15.89%,61.74%
651,NOBL,-2.09%,-7.58%,12.83%
652,RUSTBITS,?,-7.58%,?
653,RC,-0.28%,-21.11%,13.60%
654,E4ROW,1.00%,7.79%,368.27%
655,NEWB,1.02%,98.36%,51.16%
656,CARBON,0.49%,59.85%,16.21%
657,UNIT,-0.28%,-6.97%,141.45%
658,UIS,-0.67%,-0.33%,14.97%
659,ORB,-0.53%,3.59%,21.03%
660,CASINO,2.68%,?,-49.49%
661,MAC,-18.95%,-0.83%,-3.10%
662,DSH,0.21%,-15.75%,33.48%
663,FC2,-0.40%,2.04%,56.23%
664,BRIT,-1.60%,-5.08%,6.02%
665,OHM,0.69%,-0.40%,4.94%
666,GAIA,-0.91%,26.73%,22.05%
667,TALK,-0.40%,29.20%,16.74%
668,AMBER,?,4.68%,9.11%
669,TOR,-0.28%,-42.24%,2010.64%
670,BITZ,-0.28%,-12.29%,?
671,TROLL,9.07%,-20.66%,-4.20%
672,XCN,-0.40%,1.53%,-49.57%
673,GLC,-0.40%,4.46%,-2.78%
674,BLOCKPAY,1.43%,-4.11%,-87.67%
675,8BIT,-0.49%,16.92%,28.06%
676,V,0.48%,-30.75%,-1.30%
677,AU,-0.36%,2.28%,18.06%
678,TRI,-0.42%,-6.15%,-15.19%
679,VAL,?,2.30%,?
680,I0C,-0.40%,-6.39%,13.64%
681,PIGGY,-18.00%,15.93%,-17.71%
682,JET,-0.13%,-33.25%,-35.38%
683,PXC,-0.47%,2.45%,50.70%
684,ICN,1.05%,29.21%,59.05%
685,RIYA,-0.65%,4.64%,8.45%
686,DAXX,-0.18%,-16.06%,-4.34%
687,BUCKS,-0.31%,-15.32%,52.38%
688,LANA,3.00%,66.56%,42.11%
689,TRK,-0.28%,-23.17%,7.13%
690,BTCS,-0.42%,-4.90%,-6.03%
691,TAG,-0.40%,-9.64%,8.19%
692,HODL,-0.42%,-6.29%,26.61%
693,STS,-0.40%,-12.98%,-17.33%
694,SLG,-0.40%,-27.84%,61.98%
695,WAY,-0.28%,6.09%,?
696,RBIES,-0.56%,1.35%,-21.67%
697,MAY,0.09%,8.85%,36.20%
698,OPAL,-0.28%,-0.44%,21.54%
699,VIDZ,0.02%,18.62%,10.44%
700,SPEX,?,5.03%,27.72%
701,FRC,-0.42%,-2.34%,9.65%
702,PR,-0.33%,3.49%,-5.71%
703,CNO,0.70%,-10.37%,?
704,CNNC,13.65%,79.38%,62.79%
705,XLC,0.03%,16.70%,-28.20%
706,BBP,7.17%,21.84%,19.97%
707,FLY,-0.40%,?,?
708,CCN,-0.40%,-9.03%,17.91%
709,BTWTY,0.74%,-21.60%,-5.87%
710,GOOD,-0.40%,-55.30%,?
711,FUNK,0.59%,37.05%,-6.12%
712,NYAN,-0.15%,-3.30%,14.53%
713,CUBE,-0.42%,?,23.51%
714,BOLI,-0.32%,-6.61%,8.33%
715,SH,-0.28%,-25.41%,54.78%
716,KAYI,-0.28%,-14.92%,-31.00%
717,CYP,?,?,?
718,HONEY,-0.12%,19.79%,22.83%
719,VC,?,2.90%,?
720,DVC,6.13%,0.63%,-32.93%
721,LOT,-0.61%,2.02%,9.07%
722,FLT,-7.46%,1.35%,4.52%
723,USDE,-0.42%,103.05%,24.71%
724,UNIC,-0.42%,2.28%,19.48%
725,KED,-0.47%,36.82%,35.21%
726,XRE,-0.28%,1.56%,17.79%
727,URC,33.23%,1.53%,115.30%
728,BIGUP,-0.42%,2.78%,25.65%
729,BXT,-0.28%,-7.37%,8.43%
730,TGC,-0.40%,-0.59%,12.65%
731,XPY,-0.28%,-21.90%,24.57%
732,MNM,-0.28%,-22.19%,-6.52%
733,XGR,3.20%,-38.37%,-43.33%
734,GUN,-0.41%,-13.71%,13.59%
735,YAC,-0.42%,1.52%,19.82%
736,ZUR,-0.43%,12.30%,-34.28%
737,PX,-0.28%,237.48%,188.32%
738,JIN,-0.28%,?,-32.09%
739,ELE,-0.40%,2.48%,-43.87%
740,DLC,-0.28%,2.04%,10.59%
741,GRT,-0.28%,-0.78%,-1.23%
742,ICE,0.18%,-41.87%,-65.09%
743,DGC,-0.10%,4.26%,21.25%
744,FUNC,1.03%,54.35%,-3.63%
745,SLM,-0.29%,64.71%,-12.39%
746,SWING,-0.07%,-13.83%,-36.81%
747,CHESS,-0.34%,-2.94%,13.26%
748,BTG,-4.12%,-26.53%,-63.07%
749,Q2C,-0.40%,-21.04%,8.68%
750,MAD,?,?,7.32%
751,EVIL,-26.42%,-12.50%,1.90%
752,BLC,-0.32%,-5.69%,9.24%
753,EVO,-0.30%,1.99%,0.06%
754,J,-0.28%,-14.55%,48.55%
755,PIE,-0.28%,-25.30%,-66.09%
756,GB,-0.45%,2.14%,22.30%
757,BSTY,-0.42%,6.49%,15.91%
758,WMC,?,?,?
759,ANTI,-0.28%,-4.68%,14.27%
760,UNITS,-0.28%,77.79%,23.38%
761,ACOIN,-0.42%,-1.07%,2.05%
762,LEA,-0.28%,1.95%,3.31%
763,RBX,-0.22%,5.25%,0.39%
764,EL,-3.75%,-12.10%,11.61%
765,EMD,-0.46%,-13.44%,-3.94%
766,HMP,-0.40%,1.52%,24.21%
767,BAS,1.25%,11.00%,-22.98%
768,XPD,-0.48%,-32.63%,-36.91%
769,GAP,-0.40%,1.52%,15.10%
770,GP,-0.46%,-7.48%,-22.20%
771,SMOKE,-1.55%,-4.98%,?
772,LTBC,?,?,?
773,SRC,-0.40%,2.82%,8.58%
774,XCT,-0.28%,2.31%,3.54%
775,CACH,-0.26%,0.06%,22.45%
776,TTC,-0.74%,-0.21%,-9.31%
777,CJ,-1.36%,24.69%,-5.45%
778,020,?,?,?
779,ARCO,-0.40%,55.66%,23.80%
780,CON,-0.51%,21.96%,-32.20%
781,QCN,-0.40%,-12.65%,8.13%
782,FRK,?,?,?
783,BCF,-0.52%,-4.88%,8.84%
784,ISL,?,?,?
785,888,-1.65%,-2.62%,0.64%
786,SPACE,-0.42%,-1.86%,18.38%
787,CAT,-2.99%,32.21%,12.11%
788,FIRE,-0.42%,?,?
789,WYV,-0.28%,-6.81%,64.22%
790,FLAX,-0.40%,-13.57%,-24.83%
791,BUMBA,-0.28%,4.00%,51.68%
792,SLING,?,4.62%,?
793,BTCR,56.22%,3.59%,-46.51%
794,C2,0.50%,13.09%,-19.63%
795,4CHN,2.47%,2.03%,-8.13%
796,PHS,-0.40%,0.96%,-3.80%
797,BTQ,-2.13%,6.23%,-38.13%
798,MTM,2.68%,0.08%,?
799,XCO,-0.42%,2.28%,-26.37%
800,ARI,-4.87%,1.56%,-3.62%
801,SPT,8.62%,3.13%,32.01%
802,CRX,-2.71%,-11.30%,-9.19%
803,RBT,1.36%,9.90%,19.69%
804,RPC,-0.32%,-7.84%,6.21%
805,MAR,0.76%,57.64%,33.27%
806,IMS,-0.25%,1.35%,-23.11%
807,REE,-0.16%,9.80%,-35.30%
808,STV,-0.39%,-29.52%,?
809,XVP,-0.32%,-6.72%,-61.93%
810,ARG,-0.42%,1.22%,-11.53%
811,EUC,-0.55%,-6.06%,12.15%
812,MST,-0.40%,13.48%,-2.60%
813,GPU,-0.27%,-14.07%,-17.84%
814,HAL,-0.40%,-1.50%,-5.57%
815,XTC,?,?,?
816,MARS,3.29%,13.13%,5.78%
817,PXI,-0.61%,6.42%,15.65%
818,KIC,-1.77%,89.95%,-34.53%
819,BVC,-0.42%,-11.20%,25.02%
820,DBTC,-0.29%,0.99%,2.74%
821,QTL,-0.55%,-5.20%,7.09%
822,MEOW,-4.26%,9.50%,10.24%
823,XBTC21,-0.28%,?,7.58%
824,DUO,-19.54%,-26.80%,-32.83%
825,ASAFE2,31.41%,62.66%,22.44%
826,XCRE,-0.42%,4.79%,20.56%
827,VEC2,?,2.38%,-19.62%
828,SCRT,-0.28%,?,?
829,CPN,-0.42%,7.21%,5.53%
830,ICOB,-0.70%,11.93%,34.04%
831,JWL,-0.28%,4.60%,11.13%
832,TSE,-0.40%,-14.40%,-22.01%
833,BLRY,-0.29%,-4.82%,26.96%
834,BRAIN,-0.40%,1.86%,36.42%
835,PULSE,?,3.40%,?
836,URO,?,?,?
837,KURT,-0.27%,63.53%,-30.36%
838,JOBS,-0.28%,?,49.88%
839,TIX,?,?,?
840,SOIL,-0.41%,18.44%,20.67%
841,GLT,-1.34%,-39.28%,1.80%
842,300,-0.28%,1.53%,-24.88%
843,GCC,-0.42%,-16.29%,-27.41%
844,BSTAR,?,?,?
845,MND,-0.40%,-22.65%,16.90%
846,ZMC,-0.42%,?,23.89%
847,DAS,-0.11%,-17.75%,-84.33%
848,LTCR,-0.98%,141.75%,113.61%
849,WARP,?,3.80%,-20.34%
850,CAB,-0.28%,1.52%,?
851,AGLC,-0.40%,231.04%,-20.20%
852,DRS,-0.28%,-31.68%,23.71%
853,SOON,-0.42%,-12.55%,2.82%
854,FLVR,?,3.53%,?
855,ATX,-0.40%,-2.59%,0.06%
856,PLNC,-0.40%,1.32%,?
857,MTLMC3,-0.40%,21.82%,8.03%
858,ZYD,-0.42%,8.67%,4.15%
859,GBC,0.00%,42.42%,7.09%
860,PONZI,?,3.31%,?
861,HXX,-0.47%,1.17%,-14.17%
862,TAGR,?,0.13%,13.17%
863,XBTS,-0.93%,-36.15%,-51.31%
864,G3N,-0.28%,-1.80%,-28.58%
865,DRACO,-0.28%,69.20%,-0.91%
866,WORM,-0.28%,-9.76%,-45.28%
867,STEPS,?,?,-13.56%
868,PRX,-0.28%,34.15%,39.26%
869,POP,0.07%,3.42%,-5.99%
870,UET,1.00%,3.65%,-17.11%
871,GBT,-0.28%,-7.70%,-20.33%
872,SFC,-0.40%,0.34%,26.20%
873,CXT,0.71%,-8.95%,-15.66%
874,HKG,?,?,?
875,COXST,?,10.03%,-5.32%
876,BSC,?,3.96%,?
877,SONG,-2.42%,24.32%,43.29%
878,NDAO,-0.28%,-14.50%,-55.10%
879,BIP,-11.80%,-22.76%,-22.98%
880,OS76,-0.40%,18.31%,47.17%
881,CRT,-0.40%,1.52%,24.21%
882,BTPL,-0.28%,-70.36%,-56.98%
883,BENJI,-0.64%,6.01%,-12.33%
884,VTA,-48.75%,1167.28%,-23.30%
885,IMPS,-0.42%,-4.12%,23.79%
886,ORLY,-0.40%,-16.93%,-4.05%
887,KRONE,-0.49%,-2.89%,-7.46%
888,VLTC,-31.32%,-23.83%,-21.56%
889,KNC,-0.28%,1.40%,-23.94%
890,IBANK,?,?,72.33%
891,PHO,-6.03%,-5.00%,-49.49%
892,BIOS,?,?,-10.90%
893,EGO,-0.40%,?,3.51%
894,RIDE,?,-0.78%,-27.16%
895,DLISK,?,-1.09%,-9.72%
896,LCP,-0.11%,-11.09%,-68.98%
897,CESC,-0.40%,1.52%,-28.85%
898,BLZ,0.52%,-10.33%,-2.80%
899,OFF,-0.28%,22.33%,-8.50%
900,ICON,-0.28%,-13.44%,-17.53%
901,LIR,-0.40%,1.52%,24.37%
902,VIP,-0.40%,-23.86%,-46.77%
903,ZNE,?,3.07%,8.41%
904,DPAY,?,?,-3.73%
905,AMMO,-0.28%,-23.85%,-37.99%
906,LUNA,-6.14%,2.60%,-27.33%
907,FUZZ,-2.02%,?,6.77%
908,HVCO,-0.28%,1.52%,?
909,CNC,-0.42%,-34.38%,-31.78%
910,IMX,-0.29%,34.27%,24.68%
911,PEX,?,?,-2.06%
912,SOCC,-0.28%,1.53%,-33.19%
913,VPRC,-0.42%,143.60%,23.56%
914,SLEVIN,-0.28%,-23.85%,86.31%
915,SCS,-0.28%,22.16%,9.60%
916,ALTC,-0.28%,?,14.49%
917,XOC,-0.42%,-5.02%,5.86%
918,BIOB,-0.28%,1.52%,19.96%
919,BNX,-1.05%,17.58%,11.11%
920,TRADE,-0.28%,5.76%,-42.67%
921,JS,1.20%,7.19%,-86.43%
922,SDP,?,?,24.45%
923,DOLLAR,-0.28%,-5.54%,19.79%
924,QBK,?,?,?
925,ARB,?,2.35%,?
926,CONX,-0.28%,21.48%,40.05%
927,MILO,-8.26%,?,-41.21%
928,RSGP,-0.28%,-24.49%,-52.36%
929,P7C,?,4.64%,-3.99%
930,SLFI,-0.42%,?,24.20%
931,VOLT,-0.28%,-11.17%,13.22%
932,XRC,-0.22%,7.28%,29.73%
933,PSB,-0.42%,-96.67%,-97.09%
934,CCM100,2.68%,1.12%,-18.81%
935,JIO,?,3.55%,-3.03%
936,NODC,-0.17%,-21.21%,11.36%
937,ARGUS,13.17%,0.76%,-32.41%
938,DIX,2.73%,8.23%,-27.09%
939,ELS,-0.28%,-15.40%,-9.30%
940,GEERT,-6.14%,11.68%,-25.55%
941,OCEAN,2.68%,0.46%,-15.48%
942,WBC,-0.28%,?,-70.15%
943,LBTC,-0.06%,1.31%,16.77%
944,BQC,-0.42%,1.54%,24.20%
945,FRAZ,-0.29%,44.47%,-75.67%
946,XNG,-14.89%,-15.30%,3.45%
947,REV,-0.42%,?,?
948,PWR,?,?,11.00%
949,CF,-18.46%,-27.25%,22.72%
950,SOJ,-0.28%,-33.29%,-7.46%
951,GSR,-0.28%,1.15%,1.97%
952,BBC,-0.28%,-74.58%,-81.52%
953,PIZZA,-0.28%,2.43%,-4.46%
954,TOKEN,-2.46%,-62.68%,27.89%
955,MUG,?,?,-0.31%
956,ULA,-0.28%,248.28%,-39.05%
957,LEX,2.68%,?,-63.26%
958,MNC,-0.28%,-49.23%,?
959,DGCS,-0.42%,1.52%,148.40%
960,ABN,-0.28%,-14.45%,15.97%
961,ENV,0.58%,?,-56.37%
962,FDC,-2.42%,-58.72%,?
963,CALC,-0.29%,-15.40%,-39.96%
964,APW,-0.28%,1.52%,24.21%
965,BTG,-1.37%,2.85%,10.45%
966,POWR,-2.48%,-22.43%,?
967,REC,1.79%,9.38%,-15.42%
968,BTBc,1.60%,-67.33%,?
969,DATA,-5.37%,?,?
970,FRGC,-0.14%,-1.45%,-1.54%
971,OTN,-0.09%,2.07%,110.61%
972,FRST,-0.33%,-1.16%,1.59%
973,ENJ,6.34%,18.49%,?
974,CLUB,0.53%,-21.32%,125.26%
975,B2X,0.24%,43.46%,75.70%
976,ETN,-1.08%,-44.10%,?
977,BT1,0.47%,1.59%,?
978,THS,-18.26%,79.02%,94.59%
979,BT2,-1.52%,12.61%,?
980,XTZ,-1.18%,3.83%,-7.30%
981,YOYOW,-1.13%,1.16%,20.69%
982,XIN,0.85%,18.05%,51.51%
983,ADK,-0.28%,9.13%,?
984,ORME,-0.82%,0.80%,30.51%
985,RCN,-4.41%,31.34%,4.75%
986,LA,-0.70%,-4.99%,-31.04%
987,XUC,0.28%,-3.86%,-5.96%
988,SIC,-0.28%,2.31%,80.41%
989,ZSC,0.95%,15.19%,6.01%
990,UGT,1.00%,7.22%,10.28%
991,SJCX,0.75%,-14.18%,-8.45%
992,LLT,-0.14%,41.36%,89.45%
993,DRT,10.79%,8.92%,-22.11%
994,AKY,2.70%,-3.24%,219.88%
995,HIGH,-28.69%,-93.87%,?
996,CNX,-0.28%,-4.64%,-2.38%
997,XID,0.12%,1.66%,-17.46%
998,FUEL,-1.39%,44.50%,?
999,MSD,-2.35%,-10.62%,-42.00%
1000,EVR,-8.31%,18.52%,-26.03%
1001,COR,34.72%,10.59%,0.75%
1002,GRID,9.62%,14.98%,?
1003,GBG,1.11%,7.48%,-0.76%
1004,ICX,-2.38%,29.34%,131.40%
1005,MNX,1.95%,66.78%,?
1006,ICOS,1.62%,18.18%,-6.60%
1007,LAZ,0.15%,54.33%,198.06%
1008,ECC,-25.21%,1.53%,0.70%
1009,COB,3.57%,15.04%,0.82%
1010,AION,5.96%,13.71%,1.77%
1011,BSR,-0.28%,9.07%,21.75%
1012,LTG,-6.36%,-42.39%,-67.44%
1013,RMC,7.26%,7.40%,?
1014,DEUS,-0.28%,12.80%,52.27%
1015,ATL,-4.38%,-12.45%,?
1016,MGC,-0.28%,-13.19%,35.72%
1017,BTCS,7.89%,15.82%,-95.24%
1018,BOS,-3.10%,-12.36%,66.08%
1019,EBTC,13.65%,-5.47%,?
1020,RHOC,1.00%,3.43%,-1.63%
1021,PRG,-1.14%,-3.55%,-32.85%
1022,XSH,13.84%,?,?
1023,BUZZ,2.37%,-15.69%,4.66%
1024,XNN,17.33%,56.44%,-33.80%
1025,EBIT,-16.21%,?,?
1026,EGOLD,0.61%,59.83%,?
1027,NULS,-0.28%,5.42%,64.44%
1028,ROOFS,-4.82%,-17.83%,?
1029,KEXCOIN,-0.28%,1.55%,24.77%
1030,ELITE,-3.59%,-2.80%,-63.37%
1031,SIGMA,1.00%,0.59%,-14.46%
1032,IBTC,0.19%,1.08%,?
1033,WA,-0.28%,-0.79%,29.14%
1034,DAY,10.62%,20.32%,-17.70%
1035,MCR,-0.35%,6.32%,23.14%
1036,AURS,-0.28%,12.85%,142.39%
1037,EGAS,1.00%,-11.32%,?
1038,DFS,-1.26%,19.52%,-49.87%
1039,MOTO,-21.32%,-79.77%,-68.52%
1040,STEX,2.73%,-2.38%,-0.76%
1041,CCT,7.96%,-6.30%,-9.14%
1042,EFYT,0.52%,13.68%,-2.24%
1043,WILD,1.39%,70.56%,51.79%
1044,MINEX,7.57%,1.40%,-49.63%
1045,BRAT,27.92%,-27.17%,-58.69%
1046,BLAZR,-0.28%,-1.97%,20.30%
1047,GRN,-0.42%,1.28%,10.83%
1048,PCS,-0.40%,-25.27%,-4.96%
1049,SIFT,-3.34%,-12.20%,-11.97%
1050,IQT,-2.23%,-7.31%,-1.10%
1051,XOT,-0.28%,-53.14%,-42.67%
1052,PRES,-0.29%,3.66%,96.97%
1053,VULC,-0.32%,-17.17%,?
1054,BITCF,-0.28%,0.85%,27.52%
1055,GARY,-0.28%,14.18%,22.47%
1056,ABC,-0.40%,1.53%,10.98%
1057,TESLA,-0.29%,30.60%,32.24%
1058,BTU,0.00%,-3.09%,-0.51%
1059,NXX,-15.83%,107.27%,1.33%
1060,TCOIN,-41.45%,-50.44%,18.07%
1061,FOR,48.19%,?,?
1062,WIC,0.94%,56.65%,-6.99%
1063,PAC,-2.77%,-7.32%,-9.85%
1064,NTC,-1.21%,-18.50%,?
1065,BTCM,5.65%,-58.71%,?
1066,QVT,-7.01%,6.14%,?
1067,EDOGE,102.01%,37.81%,?
1068,GMT,-33.91%,-24.66%,-50.01%
1069,FLASH,-0.28%,0.42%,29.62%
1070,FLAP,0.66%,-79.96%,165.83%
1071,BLX,0.48%,7.36%,0.52%
1072,PEC,-0.42%,56.41%,160.83%
1073,ZBC,-0.27%,-11.38%,-8.50%
1074,SWP,34.73%,33.97%,-17.77%
1075,FYP,2.27%,6.70%,?
1076,MARX,-0.28%,-3.47%,5.07%
1077,BAT,3.57%,7.93%,6.08%
1078,LEPEN,-0.28%,2.81%,-36.79%
1079,SND,-2.75%,19.30%,-15.97%
1080,MCI,-2.48%,8.58%,24.95%
1081,NAMO,-0.28%,-0.75%,-62.46%
1082,ACC,22.16%,23.78%,19.03%
1083,XQN,-0.42%,103.05%,41.50%
1084,HALLO,-0.28%,4.80%,9.37%
1085,AMS,17.19%,45.65%,-6.60%
1086,BSN,-0.28%,-38.74%,-46.02%
1087,OX,-2.85%,32.21%,-37.86%
1088,DUTCH,-0.28%,-12.97%,-32.25%
1089,EUSD,1.00%,0.59%,-57.27%
1090,RBBT,0.00%,-5.97%,0.60%
1091,EREAL,10.97%,10.82%,-80.99%
1092,APC,-0.42%,22.72%,43.60%
1093,BCCS,-3.69%,-9.40%,-68.97%
1094,GAY,11.10%,28.47%,8.77%
1095,ATMC,-0.28%,1.53%,?
1096,INDIA,-0.28%,-9.98%,19.89%
1097,MRJA,-0.42%,-6.92%,-38.22%
1098,CYDER,-0.28%,-28.21%,-25.48%
1099,COUPE,0.38%,31.16%,25.29%
1100,X2,-50.21%,-49.20%,24.69%
1101,CASH,1.00%,41.51%,?
1102,EXRN,1.00%,24.21%,-49.51%
1103,NTWK,1.00%,129.17%,-72.66%
1104,NBIT,-0.28%,1.10%,12.74%
1105,BXC,-12.22%,-24.14%,-17.63%
1106,MEN,-0.28%,35.38%,65.61%
1107,HNC,-0.28%,1.53%,45.83%
1108,SKULL,-2.28%,-0.90%,14.90%
1109,9COIN,-0.28%,9.50%,-64.23%
1110,XVE,-0.28%,-23.85%,-57.34%
1111,IRL,-0.42%,82.74%,26.83%
1112,SHND,-21.47%,-24.84%,13.44%
1113,RUNNERS,-0.28%,-23.85%,-26.90%
1114,TYC,-0.28%,-51.57%,-73.63%
1115,AMIS,0.92%,1073.28%,&gt; 9999%
1116,GBRC,-0.40%,1.52%,-37.90%
1117,PAYP,-0.42%,1.52%,?
1118,TLE,-0.28%,-27.79%,?
1119,UTA,-0.28%,7.88%,?
1120,10MT,-7.32%,7.68%,-51.56%
1121,BIT,-13.35%,-1.16%,12.35%
1122,ACN,-0.28%,1.54%,-5.97%
1123,ZENGOLD,-0.27%,15.63%,-9.48%
1124,MAGN,-0.40%,-37.03%,-39.71%
1125,SUR,-5.50%,7.80%,-25.12%
1126,PRIMU,-0.28%,-48.91%,-64.57%
1127,ETT,6.23%,-1.21%,-18.62%
1128,VOYA,-0.40%,4.50%,25.72%
1129,WEC,0.00%,15.21%,14.16%
1130,PRN,-0.21%,303.61%,126.02%
1131,SKC,-0.40%,-19.48%,-1.12%
1132,FFC,-0.40%,-12.37%,13.68%
1133,AIB,-1.49%,5.32%,-33.60%
1134,SFE,-0.40%,1.52%,24.51%
1135,YES,-1.65%,-65.09%,-91.03%
1136,GMX,-0.40%,-17.83%,-30.40%
1137,BITOK,-0.28%,1564.54%,23.92%
1138,RUBIT,0.79%,1.72%,21.28%
1139,FAP,-0.28%,-27.61%,?
1140,MRNG,-0.28%,-27.49%,-64.52%
1141,UR,-0.28%,1.62%,4.66%
1142,XDE2,-0.28%,-0.73%,?
1143,GUC,-0.28%,1.49%,-57.53%
1144,LDCN,-0.59%,16.77%,-5.97%
1145,PCN,-21.07%,-90.05%,?
1146,EGG,-0.42%,5.50%,?
1147,TOPAZ,0.32%,-1.06%,24.40%
1148,REGA,-0.40%,-0.36%,-3.51%
1149,BIRDS,-0.28%,-48.55%,6.82%
1150,LKC,-0.28%,1.53%,17.73%
1151,PRM,-0.40%,1.52%,49.05%
1152,TODAY,12.18%,14.23%,7.96%
1153,CBD,-0.29%,6.60%,-15.86%
1154,TELL,-0.28%,-13.97%,33.92%
1155,TOP,-0.40%,19.24%,24.21%
1156,ZSE,0.76%,-3.73%,12.12%
1157,MMXVI,-0.40%,3.94%,16.10%
1158,XAU,-0.42%,53.94%,77.43%
1159,SHELL,-0.40%,-4.08%,?
1160,TER,1.19%,2.55%,-14.14%
1161,EDRC,0.32%,13.71%,-8.54%
1162,TRICK,-0.40%,10.88%,52.02%
1163,OP,-0.42%,-15.40%,0.93%
1164,WOW,-0.28%,-19.12%,-51.84%
1165,DCRE,-0.42%,1.53%,?
1166,DON,-0.40%,9.94%,-3.63%
1167,XSTC,-0.28%,-49.18%,?
1168,CHEAP,-0.28%,-32.32%,-50.19%
1169,MBL,-0.28%,-1.76%,-6.41%
1170,AXF,-0.40%,?,?
1171,ITT,17.80%,7.80%,-64.64%
1172,HYPER,-0.40%,?,-37.96%
1173,UNRC,-0.28%,1.56%,-54.38%
1174,KARMA,-0.40%,1.42%,?
1175,HDLB,-0.28%,16.52%,6.91%
1176,BEST,-0.28%,5.41%,-30.18%
1177,ANTX,-0.57%,392.16%,53.05%
1178,SPORT,-0.40%,?,-3.40%
1179,NBE,-5.10%,295.72%,-8.68%
1180,HCC,-0.29%,-18.78%,?
1181,CLINT,-0.40%,1.52%,?
1182,CYC,-0.28%,-35.02%,?
1183,AV,-0.42%,0.82%,12.52%
1184,FONZ,-0.42%,?,3.50%
1185,ASN,-0.28%,1.53%,16.35%
1186,POKE,-0.40%,1.52%,86.32%
1187,ASC,0.66%,4.01%,-61.36%
1188,SNAKE,2.14%,27.48%,-21.47%
1189,SKR,0.21%,-0.23%,-13.34%
1190,SHA,-0.40%,1.52%,15.46%
1191,FRWC,-0.28%,-1.19%,3.99%
1192,AXIOM,-0.40%,1.52%,6.15%
1193,SAK,-1.08%,-11.68%,-14.58%
1194,ANI,-0.40%,52.28%,69.40%
1195,GOLF,-0.29%,?,?
1196,TURBO,-0.28%,1.52%,?
1197,XTD,-0.28%,?,?
1198,BUB,-0.40%,2.56%,-25.14%
1199,FAZZ,-0.28%,11.90%,3.42%
1200,UNC,-0.42%,1.52%,24.20%
1201,ACES,-0.29%,1.45%,-45.45%
1202,DBG,-0.40%,-1.86%,?
1203,QBT,-0.40%,-16.81%,-29.55%
1204,TEAM,-0.28%,1.53%,24.21%
1205,ELC,-0.40%,-7.94%,?
1206,ELTC2,1.00%,-8.08%,2.11%
1207,BET,-0.40%,-2.83%,-56.35%
1208,XID,-0.28%,1.53%,-30.92%
1209,MRC,-0.40%,1.52%,24.21%
1210,FUTC,-0.28%,6.88%,38.01%
1211,WINK,-0.28%,46.03%,24.21%
1212,QBC,-0.40%,7.49%,6.69%
1213,MAVRO,-0.28%,5.63%,34.21%
1214,MONETA,-0.40%,11.33%,38.51%
1215,KASHH,33.06%,-19.69%,-76.25%
1216,ROYAL,-0.28%,10.47%,33.95%
1217,RCN,-0.29%,1.52%,?
1218,MONEY,-0.28%,?,24.21%
1219,FC,1.00%,7.79%,148.12%
1220,DASHS,-0.28%,1.53%,38.42%
1221,VGC,-2.71%,-92.91%,-86.74%
1222,SYNC,?,0.09%,-43.72%
1223,QORA,0.67%,16.27%,33.43%
1224,GML,?,3.07%,21.71%
1225,WSX,?,3.35%,2.13%
1226,BGR,?,2.17%,-28.20%
1227,CC,?,?,11.94%
1228,DUB,?,2.15%,?
1229,IVZ,?,?,-36.62%
1230,CME,?,3.33%,26.93%
1231,OPES,?,3.79%,21.90%
1232,BAC,?,?,8.13%
1233,PSY,?,2.46%,26.10%
1234,TCR,?,3.14%,?
1235,OCOW,?,3.17%,?
1236,DISK,?,?,-24.86%
1237,SOUL,-0.45%,1.51%,?
1238,RICHX,?,?,?
1239,GAIN,?,?,?
1240,OMC,?,?,40.01%
1241,MG,?,?,?
1242,LTH,?,?,?
1243,PDG,?,5.40%,?
1244,NTCC,?,?,?
1245,TERA,?,3.15%,?
1246,RHFC,?,3.57%,-12.90%
1247,PI,?,21.13%,-71.47%
1248,XRY,?,?,?
1249,ETX,?,1.49%,-15.59%
1250,EXL,?,1.82%,-16.64%
1251,FID,?,?,-38.64%
1252,CTIC3,?,1.46%,-41.86%
1253,DMC,?,?,?
1254,MIU,?,?,?
1255,INF,?,?,-2.11%
